"申請カテゴリ","対象","ルート種別","第1承認者決定方法","第1承認者","第2承認者決定方法","第2承認者","第3承認者決定方法","第3承認者","第4承認者決定方法","第4承認者","確認状況","確認メモ"
"所有権、残あり先振込承認","買取商談","SERIAL","申請者所属支店から解決","支店長","","","","","","","確定","承認フロー一覧"
"所有権付き解除前引き上げ","買取商談","SERIAL","申請者所属支店から解決","支店長","","","","","","","確定","承認フロー一覧"
"封印申請","買取商談","SERIAL","固定役職・人物","吉田専務","","","","","","","確定","承認フロー一覧"
"車検証・ナンバープレート再発行時のはなまる理由書利用","買取商談","SERIAL","役職候補から解決","副本部長","","","","","","","確定","承認フロー一覧"
"現在登録事項の発行","買取商談","SERIAL","申請者所属支店から解決","支店長","","","","","","","確定","承認フロー一覧"
"他社AA・書類OK前出品","買取商談","SERIAL","未確定","","","","","","","","要確認","承認フロー一覧では承認者が空欄。連動仕様では書類OK前出品の承認者が森重副本部長"
"自社AA・月末書類OK前出品","買取商談","SERIAL","固定役職・人物","森重","固定役職・人物","高口","","","","","要確認","森重・高口が直列承認、全員承認、またはいずれか1名かを確認"
"永久抹消条件での買取","買取商談","SERIAL","申請時候補選択","営業本部副本部長4名から1名","","","","","","","確定","申請者が候補者から1名選択"
"書類なし案件の買取","買取商談","SERIAL","申請時候補選択","営業本部副本部長4名から1名","","","","","","","確定","申請者が候補者から1名選択"
"先売り申請","買取商談","SERIAL","申請者所属支店から解決","支店長","","","","","","","確定","承認フロー一覧"
"台帳作成済みキャンセル・在庫削除","買取商談","SERIAL","申請者所属支店から解決","支店長","","","","","","","確定","承認後に買取商談からシステム依頼"
"赤字案件の事前買取申請","買取商談","SERIAL","役職候補から解決","副本部長","","","","","","","要確認","副本部長4名から選択するか、自動決定するかを確認"
"経費を伴う食事接待","一般申請","SERIAL","固定役職・人物","吉田専務","固定役職・人物","会長","","","","","確定","吉田専務の後に会長へ回付"
"賛助会費・会合参加・出店祝い等の支出","一般申請","SERIAL","役職候補から解決","副本部長","","","","","","","要確認","どの副本部長へ回付するかの決定方法を確認"
"支店備品2万円以上","一般申請","SERIAL","固定役職・人物","吉田専務","","","","","","","確定","承認フロー一覧"
"菓子折り・香典・花代","一般申請","SERIAL","固定役職・人物","吉田専務","","","","","","","確定","承認フロー一覧"
"法人営業の食事会経費","一般申請","SERIAL","未確定","木下・武内","固定役職・人物","会長","","","","","要確認","木下と武内の両方を通すか、どちらか1名を経由するかを確認"
"修理承認","一般申請","SERIAL","部署・キュー","リペア事業部","","","","","","","要確認","個人User、Queue、Public Groupのどれを承認者にするか確認"
"その他承認申請","一般申請","SERIAL","申請時候補選択","未定","","","","","","","要確認","選択可能な承認者範囲と承認段階数を確認"
